<xml xmlns="https://developers.google.com/blockly/xml"><block type="factory_base" id="(@o@fyb8#dxAatH0IXz2" deletable="false" movable="false" x="10" y="10">
    <mutation connections="BOTH"></mutation>
    <field name="NAME">signup</field>
    <field name="INLINE">AUTO</field>
    <field name="CONNECTIONS">BOTH</field>
    <statement name="INPUTS">
      <block type="input_dummy" id="E=b#M;9YXA3g`~NG3Swr">
        <field name="ALIGN">LEFT</field>
        <statement name="FIELDS">
          <block type="field_static" id="x={m$Igu0c(FbGg.[S9X">
            <field name="TEXT">Sign</field>
            <next>
              <block type="field_dropdown" id="2x*w9RI4RkAfofbphCq2">
                <mutation options="[&quot;text&quot;,&quot;text&quot;,&quot;text&quot;]"></mutation>
                <field name="FIELDNAME">NAME</field>
                <field name="USER0">Luke</field>
                <field name="CPU0">luke</field>
                <field name="USER1">Chimaya</field>
                <field name="CPU1">chimaya</field>
                <field name="USER2">Chris</field>
                <field name="CPU2">chris</field>
                <next>
                  <block type="field_static" id="sw,4$6*Zd7_[#z8XI.Td">
                    <field name="TEXT">up for the service</field>
                  </block>
                </next>
              </block>
            </next>
          </block>
        </statement>
      </block>
    </statement>
    <value name="TOOLTIP">
      <block type="text" id="95l^vD`$~qAx1)n#Eg#o" deletable="false" movable="false">
        <field name="TEXT"></field>
      </block>
    </value>
    <value name="HELPURL">
      <block type="text" id="JGkyTej#M%`V/s3Yo,u(" deletable="false" movable="false">
        <field name="TEXT"></field>
      </block>
    </value>
    <value name="TOPTYPE">
      <shadow type="type_null" id="8Hny+y7+l?PWXBoy)xut"></shadow>
    </value>
    <value name="BOTTOMTYPE">
      <shadow type="type_null" id="D3.HYTR[W.be{aqP%Ev*"></shadow>
    </value>
    <value name="COLOUR">
      <block type="colour_hue" id="ZT46u4Di(Ik(a^l[O*8I">
        <mutation colour="#5b67a5"></mutation>
        <field name="HUE">230</field>
      </block>
    </value>
  </block></xml>