<xml xmlns="https://developers.google.com/blockly/xml" id="workspaceBlocks" style="display: none">
  <block type="signup" id="5eLMfk52bx1RtVUh[h.p" x="63" y="63">
    <field name="P1">luke</field>
    <next>
      <block type="signup" id="zjt]J:wtq)+6uK(6]k-8">
        <field name="P1">chinmaya</field>
        <next>
          <block type="signup" id="ax2k7gQ3Z5K)sumQMsqT">
            <field name="P1">chris</field>
            <next>
              <block type="save_contact" id="YW3+|KLQr=4NE]|t|Oe~">
                <field name="N">000-000-0000</field>
                <field name="P1">chinmaya</field>
                <next>
                  <block type="show_suggestion" id="usH2Rg1uH-c8}LzO1F~f">
                    <field name="P1">luke</field>
                    <field name="P2">chinmaya</field>
                    <next>
                      <block type="save_contact" id="O}Lh,V{IG4fao[S73CQH">
                        <field name="N">111-111-1111</field>
                        <field name="P1">chris</field>
                      </block>
                    </next>
                  </block>
                </next>
              </block>
            </next>
          </block>
        </next>
      </block>
    </next>
  </block>
</xml>